street_address,building_number,association_number
4117 BELLASOL CIRCLE,1,1
4125 BELLASOL CIRCLE,2,2
4133 BELLASOL CIRCLE,3,2
4141 BELLASOL CIRCLE,4,3
4191 BELLASOL CIRCLE,5,3
4199 BELLASOL CIRCLE,6,3
4206 BELLASOL CIRCLE,7,4
4214 BELLASOL CIRCLE,8,4
4222 BELLASOL CIRCLE,9,4
4236 BELLASOL CIRCLE,10,4
4109 BELLASOL CIRCLE,11,1
4101 BELLASOL CIRCLE,12,1
4104 BELLASOL CIRCLE,13,1
4128 BELLASOL CIRCLE,14,2
4136 BELLASOL CIRCLE,15,2
4225 BELLASOL CIRCLE,16,2
4219 BELLASOL CIRCLE,17,2
4233 BELLASOL CIRCLE,18,5
4241 BELLASOL CIRCLE,19,5
4259 BELLASOL CIRCLE,20,5
4267 BELLASOL CIRCLE,21,5
4275 BELLASOL CIRCLE,22,5
4281 BELLASOL CIRCLE,23,6
4287 BELLASOL CIRCLE,24,6
4293 BELLASOL CIRCLE,25,6
4299 BELLASOL CIRCLE,26,6
4327 BELLASOL CIRCLE,27,7
4315 BELLASOL CIRCLE,28,7
4336 BELLASOL CIRCLE,29,7
4330 BELLASOL CIRCLE,30,7
4324 BELLASOL CIRCLE,31,7
4318 BELLASOL CIRCLE,32,7
4312 BELLASOL CIRCLE,33,7
4306 BELLASOL CIRCLE,34,7
